<?xml version="1.0" encoding="UTF-8"?>
<project-private xmlns="http://www.netbeans.org/ns/project-private/1">
    <editor-bookmarks xmlns="http://www.netbeans.org/ns/editor-bookmarks/2" lastBookmarkId="0"/>
    <open-files xmlns="http://www.netbeans.org/ns/projectui-open-files/2">
        <group>
            <file>file:/E:/ASEMESTER%207/PEMOGRAMAN%20BERORIENTASI%20OBJEK/PBO%20mod%207/Jurnal_07/src/Jurnal07_1301184059/PrismaSegi3.java</file>
            <file>file:/E:/ASEMESTER%207/PEMOGRAMAN%20BERORIENTASI%20OBJEK/PBO%20mod%207/Jurnal_07/src/Jurnal07_1301184059/Driverbentuk.java</file>
            <file>file:/E:/ASEMESTER%207/PEMOGRAMAN%20BERORIENTASI%20OBJEK/PBO%20mod%207/Jurnal_07/src/Jurnal07_1301184059/Kubus.java</file>
            <file>file:/E:/ASEMESTER%207/PEMOGRAMAN%20BERORIENTASI%20OBJEK/PBO%20mod%207/Jurnal_07/src/Jurnal07_1301184059/bentuk.java</file>
            <file>file:/E:/ASEMESTER%207/PEMOGRAMAN%20BERORIENTASI%20OBJEK/PBO%20mod%207/Jurnal_07/src/Jurnal07_1301184059/PersegiPanjang.java</file>
            <file>file:/E:/ASEMESTER%207/PEMOGRAMAN%20BERORIENTASI%20OBJEK/PBO%20mod%207/Jurnal_07/src/Jurnal07_1301184059/BangunDatar.java</file>
            <file>file:/E:/ASEMESTER%207/PEMOGRAMAN%20BERORIENTASI%20OBJEK/PBO%20mod%207/Jurnal_07/src/Jurnal07_1301184059/BangunRuang.java</file>
        </group>
    </open-files>
</project-private>
