<?xml version="1.0" encoding="UTF-8"?>
<project-private xmlns="http://www.netbeans.org/ns/project-private/1">
    <editor-bookmarks xmlns="http://www.netbeans.org/ns/editor-bookmarks/2" lastBookmarkId="0"/>
    <open-files xmlns="http://www.netbeans.org/ns/projectui-open-files/2">
        <group>
            <file>file:/E:/ASEMESTER%207/PEMOGRAMAN%20BERORIENTASI%20OBJEK/PBO%20mod%209/DriverGeneric_1301194300/src/drivergeneric_1301184059/side_1301184059.java</file>
            <file>file:/E:/ASEMESTER%207/PEMOGRAMAN%20BERORIENTASI%20OBJEK/PBO%20mod%209/DriverGeneric_1301194300/src/drivergeneric_1301184059/DriverGeneric_1301184059.java</file>
        </group>
    </open-files>
</project-private>
